日付,避難所名,開設状況,収容人数,避難世帯数,避難人数,緯度,経度,所在地,電話番号
2025-03-23 20:45:00,桜井公民館,開設,99,0,0,34.01856436,133.0356102,愛媛県今治市桜井3丁目6-8,0898-48-0001
2025-03-23 22:30:00,桜井公民館,開設,99,4,4,34.01856436,133.0356102,愛媛県今治市桜井3丁目6-8,0898-48-0001
2025-03-23 23:14:00,桜井公民館,開設,99,0,0,34.01856436,133.0356102,愛媛県今治市桜井3丁目6-8,0898-48-0001
2025-03-24 00:12:00,桜井公民館,開設,99,1,1,34.01856436,133.0356102,愛媛県今治市桜井3丁目6-8,0898-48-0001
2025-03-24 02:19:00,桜井公民館,開設,99,0,0,34.01856436,133.0356102,愛媛県今治市桜井3丁目6-8,0898-48-0001
2025-03-24 14:03:00,桜井公民館,開設,99,1,2,34.01856436,133.0356102,愛媛県今治市桜井3丁目6-8,0898-48-0001
2025-03-24 14:17:00,朝倉公民館,開設,290,0,0,33.99602169,133.022302,愛媛県今治市朝倉北甲393,0898-56-2024
2025-03-24 14:17:00,桜井公民館,開設,99,1,2,34.01856436,133.0356102,愛媛県今治市桜井3丁目6-8,0898-48-0001
2025-03-24 14:42:00,朝倉公民館,開設,290,0,0,33.99602169,133.022302,愛媛県今治市朝倉北甲393,0898-56-2024
2025-03-24 14:42:00,桜井公民館,開設,99,3,4,34.01856436,133.0356102,愛媛県今治市桜井3丁目6-8,0898-48-0001
2025-03-24 15:13:00,朝倉公民館,開設,290,0,0,33.99602169,133.022302,愛媛県今治市朝倉北甲393,0898-56-2024
2025-03-24 15:13:00,桜井公民館,開設,99,3,5,34.01856436,133.0356102,愛媛県今治市桜井3丁目6-8,0898-48-0001
2025-03-24 15:30:00,朝倉公民館,開設,290,1,1,33.99602169,133.022302,愛媛県今治市朝倉北甲393,0898-56-2024
2025-03-24 15:30:00,桜井公民館,開設,99,3,5,34.01856436,133.0356102,愛媛県今治市桜井3丁目6-8,0898-48-0001
2025-03-24 15:53:00,朝倉公民館,開設,290,1,1,33.99602169,133.022302,愛媛県今治市朝倉北甲393,0898-56-2024
2025-03-24 15:53:00,桜井公民館,開設,99,4,7,34.01856436,133.0356102,愛媛県今治市桜井3丁目6-8,0898-48-0001
2025-03-24 16:28:00,朝倉公民館,開設,290,1,1,33.99602169,133.022302,愛媛県今治市朝倉北甲393,0898-56-2024
2025-03-24 16:28:00,桜井公民館,開設,99,5,8,34.01856436,133.0356102,愛媛県今治市桜井3丁目6-8,0898-48-0001
2025-03-24 16:52:00,朝倉公民館,開設,290,1,1,33.99602169,133.022302,愛媛県今治市朝倉北甲393,0898-56-2024
2025-03-24 16:52:00,桜井公民館,開設,99,4,6,34.01856436,133.0356102,愛媛県今治市桜井3丁目6-8,0898-48-0001
2025-03-24 17:27:00,朝倉公民館,開設,290,0,0,33.99602169,133.022302,愛媛県今治市朝倉北甲393,0898-56-2024
2025-03-24 17:27:00,桜井公民館,開設,99,4,6,34.01856436,133.0356102,愛媛県今治市桜井3丁目6-8,0898-48-0001
2025-03-24 17:29:00,朝倉公民館,開設,290,1,1,33.99602169,133.022302,愛媛県今治市朝倉北甲393,0898-56-2024
2025-03-24 17:29:00,桜井公民館,開設,99,4,6,34.01856436,133.0356102,愛媛県今治市桜井3丁目6-8,0898-48-0001
2025-03-24 17:38:00,朝倉公民館,開設,290,1,1,33.99602169,133.022302,愛媛県今治市朝倉北甲393,0898-56-2024
2025-03-24 17:38:00,桜井公民館,開設,99,7,15,34.01856436,133.0356102,愛媛県今治市桜井3丁目6-8,0898-48-0001
2025-03-24 17:54:00,朝倉公民館,開設,290,1,1,33.99602169,133.022302,愛媛県今治市朝倉北甲393,0898-56-2024
2025-03-24 17:54:00,桜井公民館,開設,99,8,17,34.01856436,133.0356102,愛媛県今治市桜井3丁目6-8,0898-48-0001
2025-03-24 17:59:00,朝倉小学校,開設,577,0,0,33.998496,133.01666,愛媛県今治市朝倉北甲281,0898-56-2004
2025-03-24 17:59:00,朝倉公民館,開設,290,1,1,33.99602169,133.022302,愛媛県今治市朝倉北甲393,0898-56-2024
2025-03-24 17:59:00,桜井公民館,開設,99,8,17,34.01856436,133.0356102,愛媛県今治市桜井3丁目6-8,0898-48-0001
2025-03-24 18:06:00,朝倉小学校,開設,577,0,0,33.998496,133.01666,愛媛県今治市朝倉北甲281,0898-56-2004
2025-03-24 18:06:00,朝倉公民館,開設,290,1,1,33.99602169,133.022302,愛媛県今治市朝倉北甲393,0898-56-2024
2025-03-24 18:06:00,桜井公民館,開設,99,9,18,34.01856436,133.0356102,愛媛県今治市桜井3丁目6-8,0898-48-0001
2025-03-24 19:07:00,朝倉小学校,開設,577,0,0,33.998496,133.01666,愛媛県今治市朝倉北甲281,0898-56-2004
2025-03-24 19:07:00,朝倉公民館,開設,290,2,2,33.99602169,133.022302,愛媛県今治市朝倉北甲393,0898-56-2024
2025-03-24 19:07:00,桜井公民館,開設,99,9,18,34.01856436,133.0356102,愛媛県今治市桜井3丁目6-8,0898-48-0001
2025-03-24 19:14:00,朝倉小学校,開設,577,0,0,33.998496,133.01666,愛媛県今治市朝倉北甲281,0898-56-2004
2025-03-24 19:14:00,朝倉公民館,開設,290,2,2,33.99602169,133.022302,愛媛県今治市朝倉北甲393,0898-56-2024
2025-03-24 19:14:00,桜井公民館,開設,99,14,27,34.01856436,133.0356102,愛媛県今治市桜井3丁目6-8,0898-48-0001
2025-03-24 19:30:00,朝倉小学校,開設,577,0,0,33.998496,133.01666,愛媛県今治市朝倉北甲281,0898-56-2004
2025-03-24 19:30:00,朝倉公民館,開設,290,3,5,33.99602169,133.022302,愛媛県今治市朝倉北甲393,0898-56-2024
2025-03-24 19:30:00,桜井公民館,開設,99,14,27,34.01856436,133.0356102,愛媛県今治市桜井3丁目6-8,0898-48-0001
2025-03-24 19:47:00,朝倉小学校,開設,577,4,6,33.998496,133.01666,愛媛県今治市朝倉北甲281,0898-56-2004
2025-03-24 19:47:00,朝倉公民館,開設,290,6,11,33.99602169,133.022302,愛媛県今治市朝倉北甲393,0898-56-2024
2025-03-24 19:47:00,桜井公民館,開設,99,15,30,34.01856436,133.0356102,愛媛県今治市桜井3丁目6-8,0898-48-0001
2025-03-24 19:54:00,朝倉小学校,開設,577,6,9,33.998496,133.01666,愛媛県今治市朝倉北甲281,0898-56-2004
2025-03-24 19:54:00,朝倉公民館,開設,290,6,11,33.99602169,133.022302,愛媛県今治市朝倉北甲393,0898-56-2024
2025-03-24 19:54:00,桜井公民館,開設,99,15,30,34.01856436,133.0356102,愛媛県今治市桜井3丁目6-8,0898-48-0001
2025-03-24 20:14:00,朝倉小学校,開設,577,11,17,33.998496,133.01666,愛媛県今治市朝倉北甲281,0898-56-2004
2025-03-24 20:14:00,朝倉公民館,開設,290,8,13,33.99602169,133.022302,愛媛県今治市朝倉北甲393,0898-56-2024
2025-03-24 20:14:00,桜井公民館,開設,99,15,30,34.01856436,133.0356102,愛媛県今治市桜井3丁目6-8,0898-48-0001
2025-03-24 20:20:00,朝倉小学校,開設,577,15,29,33.998496,133.01666,愛媛県今治市朝倉北甲281,0898-56-2004
2025-03-24 20:20:00,朝倉公民館,開設,290,8,13,33.99602169,133.022302,愛媛県今治市朝倉北甲393,0898-56-2024
2025-03-24 20:20:00,桜井公民館,開設,99,15,30,34.01856436,133.0356102,愛媛県今治市桜井3丁目6-8,0898-48-0001
2025-03-24 20:42:00,朝倉小学校,開設,577,16,31,33.998496,133.01666,愛媛県今治市朝倉北甲281,0898-56-2004
2025-03-24 20:42:00,朝倉公民館,開設,290,8,13,33.99602169,133.022302,愛媛県今治市朝倉北甲393,0898-56-2024
2025-03-24 20:42:00,桜井公民館,開設,99,15,30,34.01856436,133.0356102,愛媛県今治市桜井3丁目6-8,0898-48-0001
2025-03-24 20:54:00,朝倉小学校,開設,577,16,31,33.998496,133.01666,愛媛県今治市朝倉北甲281,0898-56-2004
2025-03-24 20:54:00,朝倉公民館,開設,290,11,19,33.99602169,133.022302,愛媛県今治市朝倉北甲393,0898-56-2024
2025-03-24 20:54:00,桜井公民館,開設,99,16,31,34.01856436,133.0356102,愛媛県今治市桜井3丁目6-8,0898-48-0001
2025-03-24 21:07:00,朝倉小学校,開設,577,17,36,33.998496,133.01666,愛媛県今治市朝倉北甲281,0898-56-2004
2025-03-24 21:07:00,朝倉公民館,開設,290,11,19,33.99602169,133.022302,愛媛県今治市朝倉北甲393,0898-56-2024
2025-03-24 21:07:00,桜井公民館,開設,99,16,31,34.01856436,133.0356102,愛媛県今治市桜井3丁目6-8,0898-48-0001
2025-03-24 21:32:00,朝倉小学校,開設,577,19,39,33.998496,133.01666,愛媛県今治市朝倉北甲281,0898-56-2004
2025-03-24 21:32:00,朝倉公民館,開設,290,13,23,33.99602169,133.022302,愛媛県今治市朝倉北甲393,0898-56-2024
2025-03-24 21:32:00,桜井公民館,開設,99,16,31,34.01856436,133.0356102,愛媛県今治市桜井3丁目6-8,0898-48-0001
2025-03-24 21:46:00,朝倉小学校,開設,577,20,42,33.998496,133.01666,愛媛県今治市朝倉北甲281,0898-56-2004
2025-03-24 21:46:00,朝倉公民館,開設,290,13,23,33.99602169,133.022302,愛媛県今治市朝倉北甲393,0898-56-2024
2025-03-24 21:46:00,桜井公民館,開設,99,16,31,34.01856436,133.0356102,愛媛県今治市桜井3丁目6-8,0898-48-0001
2025-03-24 22:19:00,朝倉小学校,開設,577,19,41,33.998496,133.01666,愛媛県今治市朝倉北甲281,0898-56-2004
2025-03-24 22:19:00,朝倉公民館,開設,290,14,25,33.99602169,133.022302,愛媛県今治市朝倉北甲393,0898-56-2024
2025-03-24 22:19:00,桜井公民館,開設,99,16,31,34.01856436,133.0356102,愛媛県今治市桜井3丁目6-8,0898-48-0001
2025-03-24 22:32:00,朝倉小学校,開設,577,19,41,33.998496,133.01666,愛媛県今治市朝倉北甲281,0898-56-2004
2025-03-24 22:32:00,朝倉公民館,開設,290,16,28,33.99602169,133.022302,愛媛県今治市朝倉北甲393,0898-56-2024
2025-03-24 22:32:00,桜井公民館,開設,99,16,31,34.01856436,133.0356102,愛媛県今治市桜井3丁目6-8,0898-48-0001
2025-03-24 23:09:00,朝倉小学校,開設,577,19,41,33.998496,133.01666,愛媛県今治市朝倉北甲281,0898-56-2004
2025-03-24 23:09:00,朝倉公民館,開設,290,17,29,33.99602169,133.022302,愛媛県今治市朝倉北甲393,0898-56-2024
2025-03-24 23:09:00,桜井公民館,開設,99,16,31,34.01856436,133.0356102,愛媛県今治市桜井3丁目6-8,0898-48-0001
2025-03-24 23:24:00,朝倉小学校,開設,577,19,41,33.998496,133.01666,愛媛県今治市朝倉北甲281,0898-56-2004
2025-03-24 23:24:00,朝倉公民館,開設,290,18,30,33.99602169,133.022302,愛媛県今治市朝倉北甲393,0898-56-2024
2025-03-24 23:24:00,桜井公民館,開設,99,16,31,34.01856436,133.0356102,愛媛県今治市桜井3丁目6-8,0898-48-0001
2025-03-25 12:22:00,朝倉小学校,開設,577,18,40,33.998496,133.01666,愛媛県今治市朝倉北甲281,0898-56-2004
2025-03-25 12:22:00,朝倉公民館,開設,290,6,9,33.99602169,133.022302,愛媛県今治市朝倉北甲393,0898-56-2024
2025-03-25 12:22:00,桜井公民館,開設,99,1,2,34.01856436,133.0356102,愛媛県今治市桜井3丁目6-8,0898-48-0001
2025-03-25 13:41:00,朝倉小学校,開設,577,18,40,33.998496,133.01666,愛媛県今治市朝倉北甲281,0898-56-2004
2025-03-25 13:41:00,朝倉公民館,開設,290,6,9,33.99602169,133.022302,愛媛県今治市朝倉北甲393,0898-56-2024
2025-03-25 13:41:00,桜井公民館,開設,99,12,20,34.01856436,133.0356102,愛媛県今治市桜井3丁目6-8,0898-48-0001
2025-03-25 14:14:00,朝倉小学校,開設,577,18,40,33.998496,133.01666,愛媛県今治市朝倉北甲281,0898-56-2004
2025-03-25 14:14:00,朝倉公民館,開設,290,6,9,33.99602169,133.022302,愛媛県今治市朝倉北甲393,0898-56-2024
2025-03-25 14:14:00,桜井公民館,開設,99,13,22,34.01856436,133.0356102,愛媛県今治市桜井3丁目6-8,0898-48-0001
2025-03-25 14:36:00,朝倉小学校,開設,577,18,40,33.998496,133.01666,愛媛県今治市朝倉北甲281,0898-56-2004
2025-03-25 14:36:00,朝倉公民館,開設,290,6,9,33.99602169,133.022302,愛媛県今治市朝倉北甲393,0898-56-2024
2025-03-25 14:36:00,桜井公民館,開設,99,16,26,34.01856436,133.0356102,愛媛県今治市桜井3丁目6-8,0898-48-0001
2025-03-25 15:19:00,国分公民館,開設,75,0,0,34.02850975,133.0304149,愛媛県今治市唐子台東3丁目23-6,0898-47-3663
2025-03-25 15:19:00,朝倉小学校,開設,577,18,40,33.998496,133.01666,愛媛県今治市朝倉北甲281,0898-56-2004
2025-03-25 15:19:00,朝倉公民館,開設,290,6,9,33.99602169,133.022302,愛媛県今治市朝倉北甲393,0898-56-2024
2025-03-25 15:19:00,桜井公民館,開設,99,16,26,34.01856436,133.0356102,愛媛県今治市桜井3丁目6-8,0898-48-0001
2025-03-25 15:37:00,国分公民館,開設,75,0,0,34.02850975,133.0304149,愛媛県今治市唐子台東3丁目23-6,0898-47-3663
2025-03-25 15:37:00,朝倉小学校,開設,577,18,40,33.998496,133.01666,愛媛県今治市朝倉北甲281,0898-56-2004
2025-03-25 15:37:00,朝倉公民館,開設,290,7,11,33.99602169,133.022302,愛媛県今治市朝倉北甲393,0898-56-2024
2025-03-25 15:37:00,桜井公民館,開設,99,16,26,34.01856436,133.0356102,愛媛県今治市桜井3丁目6-8,0898-48-0001
2025-03-25 15:53:00,国分公民館,開設,75,0,0,34.02850975,133.0304149,愛媛県今治市唐子台東3丁目23-6,0898-47-3663
2025-03-25 15:53:00,朝倉小学校,開設,577,18,40,33.998496,133.01666,愛媛県今治市朝倉北甲281,0898-56-2004
2025-03-25 15:53:00,朝倉公民館,開設,290,7,11,33.99602169,133.022302,愛媛県今治市朝倉北甲393,0898-56-2024
2025-03-25 15:53:00,桜井公民館,開設,99,19,31,34.01856436,133.0356102,愛媛県今治市桜井3丁目6-8,0898-48-0001
2025-03-25 16:00:00,国分公民館,開設,75,2,2,34.02850975,133.0304149,愛媛県今治市唐子台東3丁目23-6,0898-47-3663
2025-03-25 16:00:00,朝倉小学校,開設,577,18,40,33.998496,133.01666,愛媛県今治市朝倉北甲281,0898-56-2004
2025-03-25 16:00:00,朝倉公民館,開設,290,7,11,33.99602169,133.022302,愛媛県今治市朝倉北甲393,0898-56-2024
2025-03-25 16:00:00,桜井公民館,開設,99,19,31,34.01856436,133.0356102,愛媛県今治市桜井3丁目6-8,0898-48-0001
2025-03-25 16:17:00,国分公民館,開設,75,2,2,34.02850975,133.0304149,愛媛県今治市唐子台東3丁目23-6,0898-47-3663
2025-03-25 16:17:00,朝倉小学校,開設,577,18,40,33.998496,133.01666,愛媛県今治市朝倉北甲281,0898-56-2004
2025-03-25 16:17:00,朝倉公民館,開設,290,7,11,33.99602169,133.022302,愛媛県今治市朝倉北甲393,0898-56-2024
2025-03-25 16:17:00,桜井公民館,開設,99,21,35,34.01856436,133.0356102,愛媛県今治市桜井3丁目6-8,0898-48-0001
2025-03-25 16:45:00,国分公民館,開設,75,3,5,34.02850975,133.0304149,愛媛県今治市唐子台東3丁目23-6,0898-47-3663
2025-03-25 16:45:00,朝倉小学校,開設,577,18,40,33.998496,133.01666,愛媛県今治市朝倉北甲281,0898-56-2004
2025-03-25 16:45:00,朝倉公民館,開設,290,7,11,33.99602169,133.022302,愛媛県今治市朝倉北甲393,0898-56-2024
2025-03-25 16:45:00,桜井公民館,開設,99,21,35,34.01856436,133.0356102,愛媛県今治市桜井3丁目6-8,0898-48-0001
2025-03-25 17:01:00,国分公民館,開設,75,3,5,34.02850975,133.0304149,愛媛県今治市唐子台東3丁目23-6,0898-47-3663
2025-03-25 17:01:00,朝倉小学校,開設,577,17,33,33.998496,133.01666,愛媛県今治市朝倉北甲281,0898-56-2004
2025-03-25 17:01:00,朝倉公民館,開設,290,7,11,33.99602169,133.022302,愛媛県今治市朝倉北甲393,0898-56-2024
2025-03-25 17:01:00,桜井公民館,開設,99,21,35,34.01856436,133.0356102,愛媛県今治市桜井3丁目6-8,0898-48-0001
2025-03-25 17:49:00,国分小学校,開設,744,0,0,34.03285642,133.0312148,愛媛県今治市古国分2丁目7-1,0898-47-2050
2025-03-25 17:49:00,国分公民館,開設,75,3,5,34.02850975,133.0304149,愛媛県今治市唐子台東3丁目23-6,0898-47-3663
2025-03-25 17:49:00,朝倉小学校,開設,577,17,33,33.998496,133.01666,愛媛県今治市朝倉北甲281,0898-56-2004
2025-03-25 17:49:00,朝倉公民館,開設,290,7,11,33.99602169,133.022302,愛媛県今治市朝倉北甲393,0898-56-2024
2025-03-25 17:49:00,桜井公民館,開設,99,21,35,34.01856436,133.0356102,愛媛県今治市桜井3丁目6-8,0898-48-0001
2025-03-25 18:09:00,国分小学校,開設,744,0,0,34.03285642,133.0312148,愛媛県今治市古国分2丁目7-1,0898-47-2050
2025-03-25 18:09:00,国分公民館,開設,75,4,7,34.02850975,133.0304149,愛媛県今治市唐子台東3丁目23-6,0898-47-3663
2025-03-25 18:09:00,朝倉小学校,開設,577,17,33,33.998496,133.01666,愛媛県今治市朝倉北甲281,0898-56-2004
2025-03-25 18:09:00,朝倉公民館,開設,290,7,11,33.99602169,133.022302,愛媛県今治市朝倉北甲393,0898-56-2024
2025-03-25 18:09:00,桜井公民館,開設,99,21,35,34.01856436,133.0356102,愛媛県今治市桜井3丁目6-8,0898-48-0001
2025-03-25 18:10:00,国分小学校,開設,744,0,0,34.03285642,133.0312148,愛媛県今治市古国分2丁目7-1,0898-47-2050
2025-03-25 18:10:00,国分公民館,開設,75,4,7,34.02850975,133.0304149,愛媛県今治市唐子台東3丁目23-6,0898-47-3663
2025-03-25 18:10:00,朝倉小学校,開設,577,17,33,33.998496,133.01666,愛媛県今治市朝倉北甲281,0898-56-2004
2025-03-25 18:10:00,朝倉公民館,開設,290,10,16,33.99602169,133.022302,愛媛県今治市朝倉北甲393,0898-56-2024
2025-03-25 18:10:00,桜井公民館,開設,99,21,35,34.01856436,133.0356102,愛媛県今治市桜井3丁目6-8,0898-48-0001
2025-03-25 18:27:00,国分小学校,開設,744,0,0,34.03285642,133.0312148,愛媛県今治市古国分2丁目7-1,0898-47-2050
2025-03-25 18:27:00,国分公民館,開設,75,7,10,34.02850975,133.0304149,愛媛県今治市唐子台東3丁目23-6,0898-47-3663
2025-03-25 18:27:00,朝倉小学校,開設,577,17,33,33.998496,133.01666,愛媛県今治市朝倉北甲281,0898-56-2004
2025-03-25 18:27:00,朝倉公民館,開設,290,10,16,33.99602169,133.022302,愛媛県今治市朝倉北甲393,0898-56-2024
2025-03-25 18:27:00,桜井公民館,開設,99,21,35,34.01856436,133.0356102,愛媛県今治市桜井3丁目6-8,0898-48-0001
2025-03-25 18:53:00,国分小学校,開設,744,6,15,34.03285642,133.0312148,愛媛県今治市古国分2丁目7-1,0898-47-2050
2025-03-25 18:53:00,国分公民館,開設,75,7,14,34.02850975,133.0304149,愛媛県今治市唐子台東3丁目23-6,0898-47-3663
2025-03-25 18:53:00,朝倉小学校,開設,577,17,33,33.998496,133.01666,愛媛県今治市朝倉北甲281,0898-56-2004
2025-03-25 18:53:00,朝倉公民館,開設,290,10,16,33.99602169,133.022302,愛媛県今治市朝倉北甲393,0898-56-2024
2025-03-25 18:53:00,桜井公民館,開設,99,21,35,34.01856436,133.0356102,愛媛県今治市桜井3丁目6-8,0898-48-0001
2025-03-25 19:06:00,国分小学校,開設,744,7,19,34.03285642,133.0312148,愛媛県今治市古国分2丁目7-1,0898-47-2050
2025-03-25 19:06:00,国分公民館,開設,75,7,14,34.02850975,133.0304149,愛媛県今治市唐子台東3丁目23-6,0898-47-3663
2025-03-25 19:06:00,朝倉小学校,開設,577,17,33,33.998496,133.01666,愛媛県今治市朝倉北甲281,0898-56-2004
2025-03-25 19:06:00,朝倉公民館,開設,290,9,15,33.99602169,133.022302,愛媛県今治市朝倉北甲393,0898-56-2024
2025-03-25 19:06:00,桜井公民館,開設,99,21,35,34.01856436,133.0356102,愛媛県今治市桜井3丁目6-8,0898-48-0001
2025-03-25 19:15:00,国分小学校,開設,744,10,27,34.03285642,133.0312148,愛媛県今治市古国分2丁目7-1,0898-47-2050
2025-03-25 19:15:00,国分公民館,開設,75,7,14,34.02850975,133.0304149,愛媛県今治市唐子台東3丁目23-6,0898-47-3663
2025-03-25 19:15:00,朝倉小学校,開設,577,17,33,33.998496,133.01666,愛媛県今治市朝倉北甲281,0898-56-2004
2025-03-25 19:15:00,朝倉公民館,開設,290,9,15,33.99602169,133.022302,愛媛県今治市朝倉北甲393,0898-56-2024
2025-03-25 19:15:00,桜井公民館,開設,99,38,77,34.01856436,133.0356102,愛媛県今治市桜井3丁目6-8,0898-48-0001
2025-03-25 19:26:00,国分小学校,開設,744,15,35,34.03285642,133.0312148,愛媛県今治市古国分2丁目7-1,0898-47-2050
2025-03-25 19:26:00,国分公民館,開設,75,9,22,34.02850975,133.0304149,愛媛県今治市唐子台東3丁目23-6,0898-47-3663
2025-03-25 19:26:00,朝倉小学校,開設,577,17,33,33.998496,133.01666,愛媛県今治市朝倉北甲281,0898-56-2004
2025-03-25 19:26:00,朝倉公民館,開設,290,9,15,33.99602169,133.022302,愛媛県今治市朝倉北甲393,0898-56-2024
2025-03-25 19:26:00,桜井公民館,開設,99,38,77,34.01856436,133.0356102,愛媛県今治市桜井3丁目6-8,0898-48-0001
2025-03-25 19:30:00,国分小学校,開設,744,15,35,34.03285642,133.0312148,愛媛県今治市古国分2丁目7-1,0898-47-2050
2025-03-25 19:30:00,国分公民館,開設,75,9,22,34.02850975,133.0304149,愛媛県今治市唐子台東3丁目23-6,0898-47-3663
2025-03-25 19:30:00,朝倉小学校,開設,577,16,32,33.998496,133.01666,愛媛県今治市朝倉北甲281,0898-56-2004
2025-03-25 19:30:00,朝倉公民館,開設,290,9,15,33.99602169,133.022302,愛媛県今治市朝倉北甲393,0898-56-2024
2025-03-25 19:30:00,桜井公民館,開設,99,38,77,34.01856436,133.0356102,愛媛県今治市桜井3丁目6-8,0898-48-0001
2025-03-25 19:38:00,バリクリーン（今治市クリーンセンター）,開設,320,0,0,34.02111825,132.9988267,愛媛県今治市町谷甲394番地,0898-48-3601
2025-03-25 19:38:00,国分小学校,開設,744,15,35,34.03285642,133.0312148,愛媛県今治市古国分2丁目7-1,0898-47-2050
2025-03-25 19:38:00,国分公民館,開設,75,9,22,34.02850975,133.0304149,愛媛県今治市唐子台東3丁目23-6,0898-47-3663
2025-03-25 19:38:00,朝倉小学校,開設,577,16,32,33.998496,133.01666,愛媛県今治市朝倉北甲281,0898-56-2004
2025-03-25 19:38:00,朝倉公民館,開設,290,9,15,33.99602169,133.022302,愛媛県今治市朝倉北甲393,0898-56-2024
2025-03-25 19:38:00,桜井公民館,開設,99,38,77,34.01856436,133.0356102,愛媛県今治市桜井3丁目6-8,0898-48-0001
2025-03-25 20:04:00,バリクリーン（今治市クリーンセンター）,開設,320,0,0,34.02111825,132.9988267,愛媛県今治市町谷甲394番地,0898-48-3601
2025-03-25 20:04:00,国分小学校,開設,744,13,33,34.03285642,133.0312148,愛媛県今治市古国分2丁目7-1,0898-47-2050
2025-03-25 20:04:00,国分公民館,開設,75,9,22,34.02850975,133.0304149,愛媛県今治市唐子台東3丁目23-6,0898-47-3663
2025-03-25 20:04:00,朝倉小学校,開設,577,16,32,33.998496,133.01666,愛媛県今治市朝倉北甲281,0898-56-2004
2025-03-25 20:04:00,朝倉公民館,開設,290,9,15,33.99602169,133.022302,愛媛県今治市朝倉北甲393,0898-56-2024
2025-03-25 20:04:00,桜井公民館,開設,99,38,77,34.01856436,133.0356102,愛媛県今治市桜井3丁目6-8,0898-48-0001
2025-03-25 20:17:00,バリクリーン（今治市クリーンセンター）,開設,320,2,4,34.02111825,132.9988267,愛媛県今治市町谷甲394番地,0898-48-3601
2025-03-25 20:17:00,国分小学校,開設,744,13,33,34.03285642,133.0312148,愛媛県今治市古国分2丁目7-1,0898-47-2050
2025-03-25 20:17:00,国分公民館,開設,75,11,24,34.02850975,133.0304149,愛媛県今治市唐子台東3丁目23-6,0898-47-3663
2025-03-25 20:17:00,朝倉小学校,開設,577,16,32,33.998496,133.01666,愛媛県今治市朝倉北甲281,0898-56-2004
2025-03-25 20:17:00,朝倉公民館,開設,290,9,15,33.99602169,133.022302,愛媛県今治市朝倉北甲393,0898-56-2024
2025-03-25 20:17:00,桜井公民館,開設,99,45,73,34.01856436,133.0356102,愛媛県今治市桜井3丁目6-8,0898-48-0001
2025-03-25 20:36:00,バリクリーン（今治市クリーンセンター）,開設,320,2,4,34.02111825,132.9988267,愛媛県今治市町谷甲394番地,0898-48-3601
2025-03-25 20:36:00,国分小学校,開設,744,14,37,34.03285642,133.0312148,愛媛県今治市古国分2丁目7-1,0898-47-2050
2025-03-25 20:36:00,国分公民館,開設,75,11,24,34.02850975,133.0304149,愛媛県今治市唐子台東3丁目23-6,0898-47-3663
2025-03-25 20:36:00,朝倉小学校,開設,577,16,32,33.998496,133.01666,愛媛県今治市朝倉北甲281,0898-56-2004
2025-03-25 20:36:00,朝倉公民館,開設,290,9,15,33.99602169,133.022302,愛媛県今治市朝倉北甲393,0898-56-2024
2025-03-25 20:36:00,桜井公民館,開設,99,47,77,34.01856436,133.0356102,愛媛県今治市桜井3丁目6-8,0898-48-0001
2025-03-25 21:15:00,バリクリーン（今治市クリーンセンター）,開設,320,7,9,34.02111825,132.9988267,愛媛県今治市町谷甲394番地,0898-48-3601
2025-03-25 21:15:00,国分小学校,開設,744,14,37,34.03285642,133.0312148,愛媛県今治市古国分2丁目7-1,0898-47-2050
2025-03-25 21:15:00,国分公民館,開設,75,11,24,34.02850975,133.0304149,愛媛県今治市唐子台東3丁目23-6,0898-47-3663
2025-03-25 21:15:00,朝倉小学校,開設,577,16,32,33.998496,133.01666,愛媛県今治市朝倉北甲281,0898-56-2004
2025-03-25 21:15:00,朝倉公民館,開設,290,12,24,33.99602169,133.022302,愛媛県今治市朝倉北甲393,0898-56-2024
2025-03-25 21:15:00,桜井公民館,開設,99,47,77,34.01856436,133.0356102,愛媛県今治市桜井3丁目6-8,0898-48-0001
2025-03-25 22:04:00,バリクリーン（今治市クリーンセンター）,開設,320,9,22,34.02111825,132.9988267,愛媛県今治市町谷甲394番地,0898-48-3601
2025-03-25 22:04:00,国分小学校,開設,744,14,37,34.03285642,133.0312148,愛媛県今治市古国分2丁目7-1,0898-47-2050
2025-03-25 22:04:00,国分公民館,開設,75,10,22,34.02850975,133.0304149,愛媛県今治市唐子台東3丁目23-6,0898-47-3663
2025-03-25 22:04:00,朝倉小学校,開設,577,15,29,33.998496,133.01666,愛媛県今治市朝倉北甲281,0898-56-2004
2025-03-25 22:04:00,朝倉公民館,開設,290,12,24,33.99602169,133.022302,愛媛県今治市朝倉北甲393,0898-56-2024
2025-03-25 22:04:00,桜井公民館,開設,99,47,77,34.01856436,133.0356102,愛媛県今治市桜井3丁目6-8,0898-48-0001
2025-03-25 22:33:00,バリクリーン（今治市クリーンセンター）,開設,320,9,22,34.02111825,132.9988267,愛媛県今治市町谷甲394番地,0898-48-3601
2025-03-25 22:33:00,国分小学校,開設,744,14,37,34.03285642,133.0312148,愛媛県今治市古国分2丁目7-1,0898-47-2050
2025-03-25 22:33:00,国分公民館,開設,75,9,21,34.02850975,133.0304149,愛媛県今治市唐子台東3丁目23-6,0898-47-3663
2025-03-25 22:33:00,朝倉小学校,開設,577,15,29,33.998496,133.01666,愛媛県今治市朝倉北甲281,0898-56-2004
2025-03-25 22:33:00,朝倉公民館,開設,290,12,24,33.99602169,133.022302,愛媛県今治市朝倉北甲393,0898-56-2024
2025-03-25 22:33:00,桜井公民館,開設,99,47,77,34.01856436,133.0356102,愛媛県今治市桜井3丁目6-8,0898-48-0001
2025-03-25 22:51:00,バリクリーン（今治市クリーンセンター）,開設,320,9,22,34.02111825,132.9988267,愛媛県今治市町谷甲394番地,0898-48-3601
2025-03-25 22:51:00,国分小学校,開設,744,50,73,34.03285642,133.0312148,愛媛県今治市古国分2丁目7-1,0898-47-2050
2025-03-25 22:51:00,国分公民館,開設,75,9,21,34.02850975,133.0304149,愛媛県今治市唐子台東3丁目23-6,0898-47-3663
2025-03-25 22:51:00,朝倉小学校,開設,577,15,29,33.998496,133.01666,愛媛県今治市朝倉北甲281,0898-56-2004
2025-03-25 22:51:00,朝倉公民館,開設,290,12,24,33.99602169,133.022302,愛媛県今治市朝倉北甲393,0898-56-2024
2025-03-25 22:51:00,桜井公民館,開設,99,47,77,34.01856436,133.0356102,愛媛県今治市桜井3丁目6-8,0898-48-0001
2025-03-25 23:14:00,岡山理科大学今治キャンパス体育館,開設,683,1,1,34.06947471,132.9814615,愛媛県今治市いこいの丘1-3,0898-52-9000
2025-03-25 23:14:00,バリクリーン（今治市クリーンセンター）,開設,320,9,22,34.02111825,132.9988267,愛媛県今治市町谷甲394番地,0898-48-3601
2025-03-25 23:14:00,国分小学校,開設,744,50,73,34.03285642,133.0312148,愛媛県今治市古国分2丁目7-1,0898-47-2050
2025-03-25 23:14:00,国分公民館,開設,75,9,21,34.02850975,133.0304149,愛媛県今治市唐子台東3丁目23-6,0898-47-3663
2025-03-25 23:14:00,朝倉小学校,開設,577,15,29,33.998496,133.01666,愛媛県今治市朝倉北甲281,0898-56-2004
2025-03-25 23:14:00,朝倉公民館,開設,290,12,24,33.99602169,133.022302,愛媛県今治市朝倉北甲393,0898-56-2024
2025-03-25 23:14:00,桜井公民館,開設,99,47,77,34.01856436,133.0356102,愛媛県今治市桜井3丁目6-8,0898-48-0001
2025-03-25 23:17:00,岡山理科大学今治キャンパス体育館,開設,683,1,1,34.06947471,132.9814615,愛媛県今治市いこいの丘1-3,0898-52-9000
2025-03-25 23:17:00,バリクリーン（今治市クリーンセンター）,開設,320,11,28,34.02111825,132.9988267,愛媛県今治市町谷甲394番地,0898-48-3601
2025-03-25 23:17:00,国分小学校,開設,744,50,73,34.03285642,133.0312148,愛媛県今治市古国分2丁目7-1,0898-47-2050
2025-03-25 23:17:00,国分公民館,開設,75,9,21,34.02850975,133.0304149,愛媛県今治市唐子台東3丁目23-6,0898-47-3663
2025-03-25 23:17:00,朝倉小学校,開設,577,15,29,33.998496,133.01666,愛媛県今治市朝倉北甲281,0898-56-2004
2025-03-25 23:17:00,朝倉公民館,開設,290,12,24,33.99602169,133.022302,愛媛県今治市朝倉北甲393,0898-56-2024
2025-03-25 23:17:00,桜井公民館,開設,99,47,77,34.01856436,133.0356102,愛媛県今治市桜井3丁目6-8,0898-48-0001
2025-03-26 03:45:00,岡山理科大学今治キャンパス体育館,開設,683,1,1,34.06947471,132.9814615,愛媛県今治市いこいの丘1-3,0898-52-9000
2025-03-26 03:45:00,バリクリーン（今治市クリーンセンター）,開設,320,12,30,34.02111825,132.9988267,愛媛県今治市町谷甲394番地,0898-48-3601
2025-03-26 03:45:00,国分小学校,開設,744,52,76,34.03285642,133.0312148,愛媛県今治市古国分2丁目7-1,0898-47-2050
2025-03-26 03:45:00,国分公民館,開設,75,9,22,34.02850975,133.0304149,愛媛県今治市唐子台東3丁目23-6,0898-47-3663
2025-03-26 03:45:00,朝倉小学校,開設,577,15,29,33.998496,133.01666,愛媛県今治市朝倉北甲281,0898-56-2004
2025-03-26 03:45:00,朝倉公民館,開設,290,12,24,33.99602169,133.022302,愛媛県今治市朝倉北甲393,0898-56-2024
2025-03-26 03:45:00,桜井公民館,開設,99,51,93,34.01856436,133.0356102,愛媛県今治市桜井3丁目6-8,0898-48-0001
2025-03-26 04:46:00,岡山理科大学今治キャンパス体育館,開設,683,1,1,34.06947471,132.9814615,愛媛県今治市いこいの丘1-3,0898-52-9000
2025-03-26 04:46:00,バリクリーン（今治市クリーンセンター）,開設,320,16,48,34.02111825,132.9988267,愛媛県今治市町谷甲394番地,0898-48-3601
2025-03-26 04:46:00,国分小学校,開設,744,52,76,34.03285642,133.0312148,愛媛県今治市古国分2丁目7-1,0898-47-2050
2025-03-26 04:46:00,国分公民館,開設,75,9,22,34.02850975,133.0304149,愛媛県今治市唐子台東3丁目23-6,0898-47-3663
2025-03-26 04:46:00,朝倉小学校,開設,577,15,29,33.998496,133.01666,愛媛県今治市朝倉北甲281,0898-56-2004
2025-03-26 04:46:00,朝倉公民館,開設,290,17,39,33.99602169,133.022302,愛媛県今治市朝倉北甲393,0898-56-2024
2025-03-26 04:46:00,桜井公民館,開設,99,51,93,34.01856436,133.0356102,愛媛県今治市桜井3丁目6-8,0898-48-0001
2025-03-26 05:45:00,岡山理科大学今治キャンパス体育館,開設,683,1,1,34.06947471,132.9814615,愛媛県今治市いこいの丘1-3,0898-52-9000
2025-03-26 05:45:00,バリクリーン（今治市クリーンセンター）,開設,320,18,54,34.02111825,132.9988267,愛媛県今治市町谷甲394番地,0898-48-3601
2025-03-26 05:45:00,国分小学校,開設,744,52,76,34.03285642,133.0312148,愛媛県今治市古国分2丁目7-1,0898-47-2050
2025-03-26 05:45:00,国分公民館,開設,75,9,22,34.02850975,133.0304149,愛媛県今治市唐子台東3丁目23-6,0898-47-3663
2025-03-26 05:45:00,朝倉小学校,開設,577,15,29,33.998496,133.01666,愛媛県今治市朝倉北甲281,0898-56-2004
2025-03-26 05:45:00,朝倉公民館,開設,290,17,39,33.99602169,133.022302,愛媛県今治市朝倉北甲393,0898-56-2024
2025-03-26 05:45:00,桜井公民館,開設,99,51,93,34.01856436,133.0356102,愛媛県今治市桜井3丁目6-8,0898-48-0001
2025-03-26 06:53:00,岡山理科大学今治キャンパス体育館,開設,683,1,1,34.06947471,132.9814615,愛媛県今治市いこいの丘1-3,0898-52-9000
2025-03-26 06:53:00,バリクリーン（今治市クリーンセンター）,開設,320,15,40,34.02111825,132.9988267,愛媛県今治市町谷甲394番地,0898-48-3601
2025-03-26 06:53:00,国分小学校,開設,744,50,74,34.03285642,133.0312148,愛媛県今治市古国分2丁目7-1,0898-47-2050
2025-03-26 06:53:00,国分公民館,開設,75,6,10,34.02850975,133.0304149,愛媛県今治市唐子台東3丁目23-6,0898-47-3663
2025-03-26 06:53:00,朝倉小学校,開設,577,13,26,33.998496,133.01666,愛媛県今治市朝倉北甲281,0898-56-2004
2025-03-26 06:53:00,朝倉公民館,開設,290,14,31,33.99602169,133.022302,愛媛県今治市朝倉北甲393,0898-56-2024
2025-03-26 06:53:00,桜井公民館,開設,99,38,69,34.01856436,133.0356102,愛媛県今治市桜井3丁目6-8,0898-48-0001
2025-03-26 07:06:00,岡山理科大学今治キャンパス体育館,開設,683,1,1,34.06947471,132.9814615,愛媛県今治市いこいの丘1-3,0898-52-9000
2025-03-26 07:06:00,バリクリーン（今治市クリーンセンター）,開設,320,14,39,34.02111825,132.9988267,愛媛県今治市町谷甲394番地,0898-48-3601
2025-03-26 07:06:00,国分小学校,開設,744,50,74,34.03285642,133.0312148,愛媛県今治市古国分2丁目7-1,0898-47-2050
2025-03-26 07:06:00,国分公民館,開設,75,6,10,34.02850975,133.0304149,愛媛県今治市唐子台東3丁目23-6,0898-47-3663
2025-03-26 07:06:00,朝倉小学校,開設,577,13,26,33.998496,133.01666,愛媛県今治市朝倉北甲281,0898-56-2004
2025-03-26 07:06:00,朝倉公民館,開設,290,14,31,33.99602169,133.022302,愛媛県今治市朝倉北甲393,0898-56-2024
2025-03-26 07:06:00,桜井公民館,開設,99,32,58,34.01856436,133.0356102,愛媛県今治市桜井3丁目6-8,0898-48-0001
2025-03-26 07:15:00,岡山理科大学今治キャンパス体育館,開設,683,1,1,34.06947471,132.9814615,愛媛県今治市いこいの丘1-3,0898-52-9000
2025-03-26 07:15:00,バリクリーン（今治市クリーンセンター）,開設,320,14,39,34.02111825,132.9988267,愛媛県今治市町谷甲394番地,0898-48-3601
2025-03-26 07:15:00,国分小学校,開設,744,49,72,34.03285642,133.0312148,愛媛県今治市古国分2丁目7-1,0898-47-2050
2025-03-26 07:15:00,国分公民館,開設,75,6,10,34.02850975,133.0304149,愛媛県今治市唐子台東3丁目23-6,0898-47-3663
2025-03-26 07:15:00,朝倉小学校,開設,577,10,21,33.998496,133.01666,愛媛県今治市朝倉北甲281,0898-56-2004
2025-03-26 07:15:00,朝倉公民館,開設,290,14,31,33.99602169,133.022302,愛媛県今治市朝倉北甲393,0898-56-2024
2025-03-26 07:15:00,桜井公民館,開設,99,32,58,34.01856436,133.0356102,愛媛県今治市桜井3丁目6-8,0898-48-0001
2025-03-26 07:23:00,岡山理科大学今治キャンパス体育館,開設,683,1,1,34.06947471,132.9814615,愛媛県今治市いこいの丘1-3,0898-52-9000
2025-03-26 07:23:00,バリクリーン（今治市クリーンセンター）,開設,320,14,39,34.02111825,132.9988267,愛媛県今治市町谷甲394番地,0898-48-3601
2025-03-26 07:23:00,国分小学校,開設,744,49,72,34.03285642,133.0312148,愛媛県今治市古国分2丁目7-1,0898-47-2050
2025-03-26 07:23:00,国分公民館,開設,75,3,4,34.02850975,133.0304149,愛媛県今治市唐子台東3丁目23-6,0898-47-3663
2025-03-26 07:23:00,朝倉小学校,開設,577,10,21,33.998496,133.01666,愛媛県今治市朝倉北甲281,0898-56-2004
2025-03-26 07:23:00,朝倉公民館,開設,290,5,14,33.99602169,133.022302,愛媛県今治市朝倉北甲393,0898-56-2024
2025-03-26 07:23:00,桜井公民館,開設,99,32,58,34.01856436,133.0356102,愛媛県今治市桜井3丁目6-8,0898-48-0001
2025-03-26 07:37:00,岡山理科大学今治キャンパス体育館,開設,683,1,1,34.06947471,132.9814615,愛媛県今治市いこいの丘1-3,0898-52-9000
2025-03-26 07:37:00,バリクリーン（今治市クリーンセンター）,開設,320,14,39,34.02111825,132.9988267,愛媛県今治市町谷甲394番地,0898-48-3601
2025-03-26 07:37:00,国分小学校,開設,744,49,72,34.03285642,133.0312148,愛媛県今治市古国分2丁目7-1,0898-47-2050
2025-03-26 07:37:00,国分公民館,開設,75,3,4,34.02850975,133.0304149,愛媛県今治市唐子台東3丁目23-6,0898-47-3663
2025-03-26 07:37:00,朝倉小学校,開設,577,3,5,33.998496,133.01666,愛媛県今治市朝倉北甲281,0898-56-2004
2025-03-26 07:37:00,朝倉公民館,開設,290,5,14,33.99602169,133.022302,愛媛県今治市朝倉北甲393,0898-56-2024
2025-03-26 07:37:00,桜井公民館,開設,99,32,58,34.01856436,133.0356102,愛媛県今治市桜井3丁目6-8,0898-48-0001
2025-03-26 08:05:00,岡山理科大学今治キャンパス体育館,開設,683,1,1,34.06947471,132.9814615,愛媛県今治市いこいの丘1-3,0898-52-9000
2025-03-26 08:05:00,バリクリーン（今治市クリーンセンター）,開設,320,11,31,34.02111825,132.9988267,愛媛県今治市町谷甲394番地,0898-48-3601
2025-03-26 08:05:00,国分小学校,開設,744,49,71,34.03285642,133.0312148,愛媛県今治市古国分2丁目7-1,0898-47-2050
2025-03-26 08:05:00,国分公民館,開設,75,0,0,34.02850975,133.0304149,愛媛県今治市唐子台東3丁目23-6,0898-47-3663
2025-03-26 08:05:00,朝倉小学校,開設,577,2,4,33.998496,133.01666,愛媛県今治市朝倉北甲281,0898-56-2004
2025-03-26 08:05:00,朝倉公民館,開設,290,5,14,33.99602169,133.022302,愛媛県今治市朝倉北甲393,0898-56-2024
2025-03-26 08:05:00,桜井公民館,開設,99,32,58,34.01856436,133.0356102,愛媛県今治市桜井3丁目6-8,0898-48-0001
2025-03-26 08:32:00,岡山理科大学今治キャンパス体育館,開設,683,2,5,34.06947471,132.9814615,愛媛県今治市いこいの丘1-3,0898-52-9000
2025-03-26 08:32:00,バリクリーン（今治市クリーンセンター）,開設,320,11,31,34.02111825,132.9988267,愛媛県今治市町谷甲394番地,0898-48-3601
2025-03-26 08:32:00,国分小学校,開設,744,49,71,34.03285642,133.0312148,愛媛県今治市古国分2丁目7-1,0898-47-2050
2025-03-26 08:32:00,国分公民館,開設,75,0,0,34.02850975,133.0304149,愛媛県今治市唐子台東3丁目23-6,0898-47-3663
2025-03-26 08:32:00,朝倉小学校,開設,577,2,4,33.998496,133.01666,愛媛県今治市朝倉北甲281,0898-56-2004
2025-03-26 08:32:00,朝倉公民館,開設,290,5,14,33.99602169,133.022302,愛媛県今治市朝倉北甲393,0898-56-2024
2025-03-26 08:32:00,桜井公民館,開設,99,32,58,34.01856436,133.0356102,愛媛県今治市桜井3丁目6-8,0898-48-0001
2025-03-26 08:37:00,岡山理科大学今治キャンパス体育館,開設,683,2,5,34.06947471,132.9814615,愛媛県今治市いこいの丘1-3,0898-52-9000
2025-03-26 08:37:00,バリクリーン（今治市クリーンセンター）,開設,320,11,31,34.02111825,132.9988267,愛媛県今治市町谷甲394番地,0898-48-3601
2025-03-26 08:37:00,国分小学校,開設,744,47,67,34.03285642,133.0312148,愛媛県今治市古国分2丁目7-1,0898-47-2050
2025-03-26 08:37:00,国分公民館,開設,75,0,0,34.02850975,133.0304149,愛媛県今治市唐子台東3丁目23-6,0898-47-3663
2025-03-26 08:37:00,朝倉小学校,開設,577,2,4,33.998496,133.01666,愛媛県今治市朝倉北甲281,0898-56-2004
2025-03-26 08:37:00,朝倉公民館,開設,290,5,14,33.99602169,133.022302,愛媛県今治市朝倉北甲393,0898-56-2024
2025-03-26 08:37:00,桜井公民館,開設,99,32,58,34.01856436,133.0356102,愛媛県今治市桜井3丁目6-8,0898-48-0001
2025-03-26 09:02:00,岡山理科大学今治キャンパス体育館,開設,683,2,5,34.06947471,132.9814615,愛媛県今治市いこいの丘1-3,0898-52-9000
2025-03-26 09:02:00,バリクリーン（今治市クリーンセンター）,開設,320,11,31,34.02111825,132.9988267,愛媛県今治市町谷甲394番地,0898-48-3601
2025-03-26 09:02:00,国分小学校,開設,744,44,59,34.03285642,133.0312148,愛媛県今治市古国分2丁目7-1,0898-47-2050
2025-03-26 09:02:00,国分公民館,開設,75,0,0,34.02850975,133.0304149,愛媛県今治市唐子台東3丁目23-6,0898-47-3663
2025-03-26 09:02:00,朝倉小学校,開設,577,2,4,33.998496,133.01666,愛媛県今治市朝倉北甲281,0898-56-2004
2025-03-26 09:02:00,朝倉公民館,開設,290,5,14,33.99602169,133.022302,愛媛県今治市朝倉北甲393,0898-56-2024
2025-03-26 09:02:00,桜井公民館,開設,99,32,58,34.01856436,133.0356102,愛媛県今治市桜井3丁目6-8,0898-48-0001
2025-03-26 09:09:00,岡山理科大学今治キャンパス体育館,開設,683,2,5,34.06947471,132.9814615,愛媛県今治市いこいの丘1-3,0898-52-9000
2025-03-26 09:09:00,バリクリーン（今治市クリーンセンター）,開設,320,9,22,34.02111825,132.9988267,愛媛県今治市町谷甲394番地,0898-48-3601
2025-03-26 09:09:00,国分小学校,開設,744,44,59,34.03285642,133.0312148,愛媛県今治市古国分2丁目7-1,0898-47-2050
2025-03-26 09:09:00,国分公民館,開設,75,0,0,34.02850975,133.0304149,愛媛県今治市唐子台東3丁目23-6,0898-47-3663
2025-03-26 09:09:00,朝倉小学校,開設,577,2,4,33.998496,133.01666,愛媛県今治市朝倉北甲281,0898-56-2004
2025-03-26 09:09:00,朝倉公民館,開設,290,4,10,33.99602169,133.022302,愛媛県今治市朝倉北甲393,0898-56-2024
2025-03-26 09:09:00,桜井公民館,開設,99,32,58,34.01856436,133.0356102,愛媛県今治市桜井3丁目6-8,0898-48-0001
2025-03-26 10:04:00,岡山理科大学今治キャンパス体育館,開設,683,2,5,34.06947471,132.9814615,愛媛県今治市いこいの丘1-3,0898-52-9000
2025-03-26 10:04:00,バリクリーン（今治市クリーンセンター）,開設,320,9,22,34.02111825,132.9988267,愛媛県今治市町谷甲394番地,0898-48-3601
2025-03-26 10:04:00,国分小学校,開設,744,39,49,34.03285642,133.0312148,愛媛県今治市古国分2丁目7-1,0898-47-2050
2025-03-26 10:04:00,国分公民館,開設,75,0,0,34.02850975,133.0304149,愛媛県今治市唐子台東3丁目23-6,0898-47-3663
2025-03-26 10:04:00,朝倉小学校,開設,577,2,4,33.998496,133.01666,愛媛県今治市朝倉北甲281,0898-56-2004
2025-03-26 10:04:00,朝倉公民館,開設,290,4,10,33.99602169,133.022302,愛媛県今治市朝倉北甲393,0898-56-2024
2025-03-26 10:04:00,桜井公民館,開設,99,32,58,34.01856436,133.0356102,愛媛県今治市桜井3丁目6-8,0898-48-0001
2025-03-26 10:06:00,岡山理科大学今治キャンパス体育館,開設,683,2,5,34.06947471,132.9814615,愛媛県今治市いこいの丘1-3,0898-52-9000
2025-03-26 10:06:00,バリクリーン（今治市クリーンセンター）,開設,320,7,17,34.02111825,132.9988267,愛媛県今治市町谷甲394番地,0898-48-3601
2025-03-26 10:06:00,国分小学校,開設,744,39,49,34.03285642,133.0312148,愛媛県今治市古国分2丁目7-1,0898-47-2050
2025-03-26 10:06:00,国分公民館,開設,75,0,0,34.02850975,133.0304149,愛媛県今治市唐子台東3丁目23-6,0898-47-3663
2025-03-26 10:06:00,朝倉小学校,開設,577,2,4,33.998496,133.01666,愛媛県今治市朝倉北甲281,0898-56-2004
2025-03-26 10:06:00,朝倉公民館,開設,290,4,10,33.99602169,133.022302,愛媛県今治市朝倉北甲393,0898-56-2024
2025-03-26 10:06:00,桜井公民館,開設,99,32,58,34.01856436,133.0356102,愛媛県今治市桜井3丁目6-8,0898-48-0001
2025-03-26 10:26:00,岡山理科大学今治キャンパス体育館,開設,683,2,5,34.06947471,132.9814615,愛媛県今治市いこいの丘1-3,0898-52-9000
2025-03-26 10:26:00,バリクリーン（今治市クリーンセンター）,開設,320,7,17,34.02111825,132.9988267,愛媛県今治市町谷甲394番地,0898-48-3601
2025-03-26 10:26:00,国分小学校,開設,744,39,49,34.03285642,133.0312148,愛媛県今治市古国分2丁目7-1,0898-47-2050
2025-03-26 10:26:00,国分公民館,開設,75,0,0,34.02850975,133.0304149,愛媛県今治市唐子台東3丁目23-6,0898-47-3663
2025-03-26 10:26:00,朝倉小学校,開設,577,1,2,33.998496,133.01666,愛媛県今治市朝倉北甲281,0898-56-2004
2025-03-26 10:26:00,朝倉公民館,開設,290,4,10,33.99602169,133.022302,愛媛県今治市朝倉北甲393,0898-56-2024
2025-03-26 10:26:00,桜井公民館,開設,99,32,58,34.01856436,133.0356102,愛媛県今治市桜井3丁目6-8,0898-48-0001
2025-03-26 10:49:00,岡山理科大学今治キャンパス体育館,開設,683,2,5,34.06947471,132.9814615,愛媛県今治市いこいの丘1-3,0898-52-9000
2025-03-26 10:49:00,バリクリーン（今治市クリーンセンター）,開設,320,7,17,34.02111825,132.9988267,愛媛県今治市町谷甲394番地,0898-48-3601
2025-03-26 10:49:00,国分小学校,開設,744,39,49,34.03285642,133.0312148,愛媛県今治市古国分2丁目7-1,0898-47-2050
2025-03-26 10:49:00,国分公民館,開設,75,0,0,34.02850975,133.0304149,愛媛県今治市唐子台東3丁目23-6,0898-47-3663
2025-03-26 10:49:00,朝倉小学校,開設,577,0,0,33.998496,133.01666,愛媛県今治市朝倉北甲281,0898-56-2004
2025-03-26 10:49:00,朝倉公民館,開設,290,4,10,33.99602169,133.022302,愛媛県今治市朝倉北甲393,0898-56-2024
2025-03-26 10:49:00,桜井公民館,開設,99,32,58,34.01856436,133.0356102,愛媛県今治市桜井3丁目6-8,0898-48-0001
2025-03-26 11:31:00,岡山理科大学今治キャンパス体育館,開設,683,2,5,34.06947471,132.9814615,愛媛県今治市いこいの丘1-3,0898-52-9000
2025-03-26 11:31:00,バリクリーン（今治市クリーンセンター）,開設,320,6,15,34.02111825,132.9988267,愛媛県今治市町谷甲394番地,0898-48-3601
2025-03-26 11:31:00,国分小学校,開設,744,39,49,34.03285642,133.0312148,愛媛県今治市古国分2丁目7-1,0898-47-2050
2025-03-26 11:31:00,国分公民館,開設,75,0,0,34.02850975,133.0304149,愛媛県今治市唐子台東3丁目23-6,0898-47-3663
2025-03-26 11:31:00,朝倉小学校,開設,577,0,0,33.998496,133.01666,愛媛県今治市朝倉北甲281,0898-56-2004
2025-03-26 11:31:00,朝倉公民館,開設,290,4,10,33.99602169,133.022302,愛媛県今治市朝倉北甲393,0898-56-2024
2025-03-26 11:31:00,桜井公民館,開設,99,32,58,34.01856436,133.0356102,愛媛県今治市桜井3丁目6-8,0898-48-0001
2025-03-26 11:39:00,岡山理科大学今治キャンパス体育館,開設,683,2,5,34.06947471,132.9814615,愛媛県今治市いこいの丘1-3,0898-52-9000
2025-03-26 11:39:00,バリクリーン（今治市クリーンセンター）,開設,320,6,15,34.02111825,132.9988267,愛媛県今治市町谷甲394番地,0898-48-3601
2025-03-26 11:39:00,国分小学校,開設,744,39,49,34.03285642,133.0312148,愛媛県今治市古国分2丁目7-1,0898-47-2050
2025-03-26 11:39:00,国分公民館,開設,75,0,0,34.02850975,133.0304149,愛媛県今治市唐子台東3丁目23-6,0898-47-3663
2025-03-26 11:39:00,朝倉小学校,開設,577,0,0,33.998496,133.01666,愛媛県今治市朝倉北甲281,0898-56-2004
2025-03-26 11:39:00,朝倉公民館,開設,290,3,8,33.99602169,133.022302,愛媛県今治市朝倉北甲393,0898-56-2024
2025-03-26 11:39:00,桜井公民館,開設,99,32,58,34.01856436,133.0356102,愛媛県今治市桜井3丁目6-8,0898-48-0001
2025-03-26 12:04:00,岡山理科大学今治キャンパス体育館,開設,683,2,5,34.06947471,132.9814615,愛媛県今治市いこいの丘1-3,0898-52-9000
2025-03-26 12:04:00,バリクリーン（今治市クリーンセンター）,開設,320,5,12,34.02111825,132.9988267,愛媛県今治市町谷甲394番地,0898-48-3601
2025-03-26 12:04:00,国分小学校,開設,744,39,49,34.03285642,133.0312148,愛媛県今治市古国分2丁目7-1,0898-47-2050
2025-03-26 12:04:00,国分公民館,開設,75,0,0,34.02850975,133.0304149,愛媛県今治市唐子台東3丁目23-6,0898-47-3663
2025-03-26 12:04:00,朝倉小学校,開設,577,0,0,33.998496,133.01666,愛媛県今治市朝倉北甲281,0898-56-2004
2025-03-26 12:04:00,朝倉公民館,開設,290,3,8,33.99602169,133.022302,愛媛県今治市朝倉北甲393,0898-56-2024
2025-03-26 12:04:00,桜井公民館,開設,99,32,58,34.01856436,133.0356102,愛媛県今治市桜井3丁目6-8,0898-48-0001
2025-03-26 14:32:00,岡山理科大学今治キャンパス体育館,開設,683,2,5,34.06947471,132.9814615,愛媛県今治市いこいの丘1-3,0898-52-9000
2025-03-26 14:32:00,バリクリーン（今治市クリーンセンター）,開設,320,4,8,34.02111825,132.9988267,愛媛県今治市町谷甲394番地,0898-48-3601
2025-03-26 14:32:00,国分小学校,開設,744,39,46,34.03285642,133.0312148,愛媛県今治市古国分2丁目7-1,0898-47-2050
2025-03-26 14:32:00,国分公民館,開設,75,0,0,34.02850975,133.0304149,愛媛県今治市唐子台東3丁目23-6,0898-47-3663
2025-03-26 14:32:00,朝倉小学校,開設,577,0,0,33.998496,133.01666,愛媛県今治市朝倉北甲281,0898-56-2004
2025-03-26 14:32:00,朝倉公民館,開設,290,5,11,33.99602169,133.022302,愛媛県今治市朝倉北甲393,0898-56-2024
2025-03-26 14:32:00,桜井公民館,開設,99,13,27,34.01856436,133.0356102,愛媛県今治市桜井3丁目6-8,0898-48-0001
2025-03-26 16:22:00,岡山理科大学今治キャンパス体育館,開設,683,2,5,34.06947471,132.9814615,愛媛県今治市いこいの丘1-3,0898-52-9000
2025-03-26 16:22:00,バリクリーン（今治市クリーンセンター）,開設,320,4,8,34.02111825,132.9988267,愛媛県今治市町谷甲394番地,0898-48-3601
2025-03-26 16:22:00,国分小学校,開設,744,36,39,34.03285642,133.0312148,愛媛県今治市古国分2丁目7-1,0898-47-2050
2025-03-26 16:22:00,国分公民館,開設,75,0,0,34.02850975,133.0304149,愛媛県今治市唐子台東3丁目23-6,0898-47-3663
2025-03-26 16:22:00,朝倉小学校,開設,577,0,0,33.998496,133.01666,愛媛県今治市朝倉北甲281,0898-56-2004
2025-03-26 16:22:00,朝倉公民館,開設,290,5,11,33.99602169,133.022302,愛媛県今治市朝倉北甲393,0898-56-2024
2025-03-26 16:22:00,桜井公民館,開設,99,13,27,34.01856436,133.0356102,愛媛県今治市桜井3丁目6-8,0898-48-0001
2025-03-26 16:56:00,岡山理科大学今治キャンパス体育館,開設,683,2,5,34.06947471,132.9814615,愛媛県今治市いこいの丘1-3,0898-52-9000
2025-03-26 16:56:00,バリクリーン（今治市クリーンセンター）,開設,320,3,4,34.02111825,132.9988267,愛媛県今治市町谷甲394番地,0898-48-3601
2025-03-26 16:56:00,国分小学校,開設,744,36,39,34.03285642,133.0312148,愛媛県今治市古国分2丁目7-1,0898-47-2050
2025-03-26 16:56:00,国分公民館,開設,75,0,0,34.02850975,133.0304149,愛媛県今治市唐子台東3丁目23-6,0898-47-3663
2025-03-26 16:56:00,朝倉小学校,開設,577,0,0,33.998496,133.01666,愛媛県今治市朝倉北甲281,0898-56-2004
2025-03-26 16:56:00,朝倉公民館,開設,290,6,13,33.99602169,133.022302,愛媛県今治市朝倉北甲393,0898-56-2024
2025-03-26 16:56:00,桜井公民館,開設,99,13,27,34.01856436,133.0356102,愛媛県今治市桜井3丁目6-8,0898-48-0001
2025-03-26 17:53:00,岡山理科大学今治キャンパス体育館,開設,683,3,7,34.06947471,132.9814615,愛媛県今治市いこいの丘1-3,0898-52-9000
2025-03-26 17:53:00,バリクリーン（今治市クリーンセンター）,開設,320,3,4,34.02111825,132.9988267,愛媛県今治市町谷甲394番地,0898-48-3601
2025-03-26 17:53:00,国分小学校,開設,744,36,39,34.03285642,133.0312148,愛媛県今治市古国分2丁目7-1,0898-47-2050
2025-03-26 17:53:00,国分公民館,開設,75,0,0,34.02850975,133.0304149,愛媛県今治市唐子台東3丁目23-6,0898-47-3663
2025-03-26 17:53:00,朝倉小学校,開設,577,0,0,33.998496,133.01666,愛媛県今治市朝倉北甲281,0898-56-2004
2025-03-26 17:53:00,朝倉公民館,開設,290,6,13,33.99602169,133.022302,愛媛県今治市朝倉北甲393,0898-56-2024
2025-03-26 17:53:00,桜井公民館,開設,99,13,27,34.01856436,133.0356102,愛媛県今治市桜井3丁目6-8,0898-48-0001
2025-03-26 18:02:00,岡山理科大学今治キャンパス体育館,開設,683,3,7,34.06947471,132.9814615,愛媛県今治市いこいの丘1-3,0898-52-9000
2025-03-26 18:02:00,バリクリーン（今治市クリーンセンター）,開設,320,3,4,34.02111825,132.9988267,愛媛県今治市町谷甲394番地,0898-48-3601
2025-03-26 18:02:00,国分小学校,開設,744,36,39,34.03285642,133.0312148,愛媛県今治市古国分2丁目7-1,0898-47-2050
2025-03-26 18:02:00,国分公民館,開設,75,0,0,34.02850975,133.0304149,愛媛県今治市唐子台東3丁目23-6,0898-47-3663
2025-03-26 18:02:00,朝倉小学校,開設,577,0,0,33.998496,133.01666,愛媛県今治市朝倉北甲281,0898-56-2004
2025-03-26 18:02:00,朝倉公民館,開設,290,6,13,33.99602169,133.022302,愛媛県今治市朝倉北甲393,0898-56-2024
2025-03-26 18:02:00,桜井公民館,開設,99,12,25,34.01856436,133.0356102,愛媛県今治市桜井3丁目6-8,0898-48-0001
2025-03-26 18:45:00,岡山理科大学今治キャンパス体育館,開設,683,3,7,34.06947471,132.9814615,愛媛県今治市いこいの丘1-3,0898-52-9000
2025-03-26 18:45:00,バリクリーン（今治市クリーンセンター）,開設,320,2,3,34.02111825,132.9988267,愛媛県今治市町谷甲394番地,0898-48-3601
2025-03-26 18:45:00,国分小学校,開設,744,35,37,34.03285642,133.0312148,愛媛県今治市古国分2丁目7-1,0898-47-2050
2025-03-26 18:45:00,国分公民館,開設,75,0,0,34.02850975,133.0304149,愛媛県今治市唐子台東3丁目23-6,0898-47-3663
2025-03-26 18:45:00,朝倉小学校,開設,577,0,0,33.998496,133.01666,愛媛県今治市朝倉北甲281,0898-56-2004
2025-03-26 18:45:00,朝倉公民館,開設,290,6,13,33.99602169,133.022302,愛媛県今治市朝倉北甲393,0898-56-2024
2025-03-26 18:45:00,桜井公民館,開設,99,12,25,34.01856436,133.0356102,愛媛県今治市桜井3丁目6-8,0898-48-0001
2025-03-26 19:12:00,岡山理科大学今治キャンパス体育館,開設,683,3,7,34.06947471,132.9814615,愛媛県今治市いこいの丘1-3,0898-52-9000
2025-03-26 19:12:00,バリクリーン（今治市クリーンセンター）,開設,320,2,3,34.02111825,132.9988267,愛媛県今治市町谷甲394番地,0898-48-3601
2025-03-26 19:12:00,国分小学校,開設,744,34,34,34.03285642,133.0312148,愛媛県今治市古国分2丁目7-1,0898-47-2050
2025-03-26 19:12:00,国分公民館,開設,75,0,0,34.02850975,133.0304149,愛媛県今治市唐子台東3丁目23-6,0898-47-3663
2025-03-26 19:12:00,朝倉小学校,開設,577,0,0,33.998496,133.01666,愛媛県今治市朝倉北甲281,0898-56-2004
2025-03-26 19:12:00,朝倉公民館,開設,290,6,13,33.99602169,133.022302,愛媛県今治市朝倉北甲393,0898-56-2024
2025-03-26 19:12:00,桜井公民館,開設,99,12,25,34.01856436,133.0356102,愛媛県今治市桜井3丁目6-8,0898-48-0001
2025-03-26 19:21:00,岡山理科大学今治キャンパス体育館,開設,683,3,7,34.06947471,132.9814615,愛媛県今治市いこいの丘1-3,0898-52-9000
2025-03-26 19:21:00,バリクリーン（今治市クリーンセンター）,開設,320,2,3,34.02111825,132.9988267,愛媛県今治市町谷甲394番地,0898-48-3601
2025-03-26 19:21:00,国分小学校,開設,744,34,34,34.03285642,133.0312148,愛媛県今治市古国分2丁目7-1,0898-47-2050
2025-03-26 19:21:00,国分公民館,開設,75,0,0,34.02850975,133.0304149,愛媛県今治市唐子台東3丁目23-6,0898-47-3663
2025-03-26 19:21:00,朝倉小学校,開設,577,0,0,33.998496,133.01666,愛媛県今治市朝倉北甲281,0898-56-2004
2025-03-26 19:21:00,朝倉公民館,開設,290,5,10,33.99602169,133.022302,愛媛県今治市朝倉北甲393,0898-56-2024
2025-03-26 19:21:00,桜井公民館,開設,99,12,25,34.01856436,133.0356102,愛媛県今治市桜井3丁目6-8,0898-48-0001
2025-03-26 19:55:00,岡山理科大学今治キャンパス体育館,開設,683,3,7,34.06947471,132.9814615,愛媛県今治市いこいの丘1-3,0898-52-9000
2025-03-26 19:55:00,バリクリーン（今治市クリーンセンター）,開設,320,2,3,34.02111825,132.9988267,愛媛県今治市町谷甲394番地,0898-48-3601
2025-03-26 19:55:00,国分小学校,開設,744,34,34,34.03285642,133.0312148,愛媛県今治市古国分2丁目7-1,0898-47-2050
2025-03-26 19:55:00,国分公民館,開設,75,0,0,34.02850975,133.0304149,愛媛県今治市唐子台東3丁目23-6,0898-47-3663
2025-03-26 19:55:00,朝倉小学校,開設,577,0,0,33.998496,133.01666,愛媛県今治市朝倉北甲281,0898-56-2004
2025-03-26 19:55:00,朝倉公民館,開設,290,4,7,33.99602169,133.022302,愛媛県今治市朝倉北甲393,0898-56-2024
2025-03-26 19:55:00,桜井公民館,開設,99,12,25,34.01856436,133.0356102,愛媛県今治市桜井3丁目6-8,0898-48-0001
2025-03-26 20:04:00,岡山理科大学今治キャンパス体育館,開設,683,3,7,34.06947471,132.9814615,愛媛県今治市いこいの丘1-3,0898-52-9000
2025-03-26 20:04:00,バリクリーン（今治市クリーンセンター）,開設,320,2,3,34.02111825,132.9988267,愛媛県今治市町谷甲394番地,0898-48-3601
2025-03-26 20:04:00,国分小学校,開設,744,34,34,34.03285642,133.0312148,愛媛県今治市古国分2丁目7-1,0898-47-2050
2025-03-26 20:04:00,国分公民館,開設,75,0,0,34.02850975,133.0304149,愛媛県今治市唐子台東3丁目23-6,0898-47-3663
2025-03-26 20:04:00,朝倉小学校,開設,577,2,3,33.998496,133.01666,愛媛県今治市朝倉北甲281,0898-56-2004
2025-03-26 20:04:00,朝倉公民館,開設,290,4,7,33.99602169,133.022302,愛媛県今治市朝倉北甲393,0898-56-2024
2025-03-26 20:04:00,桜井公民館,開設,99,12,25,34.01856436,133.0356102,愛媛県今治市桜井3丁目6-8,0898-48-0001
